seq,timestamp,page_size,version,request_no,status,rows_returned,sql_statements,latency_ms,server_ms
1,2026-09-27T00:36:50.904,10,naive,1,200,10,11,7.552,4.37
2,2026-09-27T00:36:50.909,10,fixed,1,200,10,1,4.754,1.47
3,2026-09-27T00:36:50.919,10,naive,2,200,10,11,9.5,4.72
4,2026-09-27T00:36:50.924,10,fixed,2,200,10,1,4.814,0.96
5,2026-09-27T00:36:50.931,10,naive,3,200,10,11,6.776,3.92
6,2026-09-27T00:36:50.935,10,fixed,3,200,10,1,3.944,0.87
7,2026-09-27T00:36:50.943,10,naive,4,200,10,11,7.869,4.92
8,2026-09-27T00:36:50.946,10,fixed,4,200,10,1,3.68,0.76
9,2026-09-27T00:36:50.954,10,naive,5,200,10,11,8.069,5.08
10,2026-09-27T00:36:50.958,10,fixed,5,200,10,1,3.857,0.89
11,2026-09-27T00:36:50.966,10,naive,6,200,10,11,7.753,4.13
12,2026-09-27T00:36:50.970,10,fixed,6,200,10,1,3.967,0.95
13,2026-09-27T00:36:50.980,10,naive,7,200,10,11,9.73,6.24
14,2026-09-27T00:36:50.987,10,fixed,7,200,10,1,7.037,0.97
15,2026-09-27T00:36:50.995,10,naive,8,200,10,11,8.02,4.88
16,2026-09-27T00:36:50.999,10,fixed,8,200,10,1,3.569,0.77
17,2026-09-27T00:36:51.007,10,naive,9,200,10,11,8.348,5.21
18,2026-09-27T00:36:51.011,10,fixed,9,200,10,1,3.659,0.79
19,2026-09-27T00:36:51.018,10,naive,10,200,10,11,7.086,3.97
20,2026-09-27T00:36:51.022,10,fixed,10,200,10,1,4.403,0.91
21,2026-09-27T00:36:51.029,10,naive,11,200,10,11,7.114,3.99
22,2026-09-27T00:36:51.033,10,fixed,11,200,10,1,3.593,0.87
23,2026-09-27T00:36:51.041,10,naive,12,200,10,11,7.71,4.93
24,2026-09-27T00:36:51.044,10,fixed,12,200,10,1,3.483,0.74
25,2026-09-27T00:36:51.052,10,naive,13,200,10,11,7.769,5.0
26,2026-09-27T00:36:51.056,10,fixed,13,200,10,1,3.982,0.9
27,2026-09-27T00:36:51.064,10,naive,14,200,10,11,7.705,4.06
28,2026-09-27T00:36:51.068,10,fixed,14,200,10,1,4.068,0.99
29,2026-09-27T00:36:51.076,10,naive,15,200,10,11,8.321,5.15
30,2026-09-27T00:36:51.080,10,fixed,15,200,10,1,3.406,0.71
31,2026-09-27T00:36:51.088,10,naive,16,200,10,11,7.623,4.81
32,2026-09-27T00:36:51.092,10,fixed,16,200,10,1,4.011,0.92
33,2026-09-27T00:36:51.098,10,naive,17,200,10,11,6.659,3.9
34,2026-09-27T00:36:51.102,10,fixed,17,200,10,1,3.766,0.87
35,2026-09-27T00:36:51.110,10,naive,18,200,10,11,7.857,4.49
36,2026-09-27T00:36:51.113,10,fixed,18,200,10,1,3.366,0.72
37,2026-09-27T00:36:51.120,10,naive,19,200,10,11,6.811,4.09
38,2026-09-27T00:36:51.124,10,fixed,19,200,10,1,3.949,0.91
39,2026-09-27T00:36:51.132,10,naive,20,200,10,11,7.72,4.69
40,2026-09-27T00:36:51.136,10,fixed,20,200,10,1,3.966,0.89
41,2026-09-27T00:36:51.148,10,naive,21,200,10,11,12.295,9.24
42,2026-09-27T00:36:51.152,10,fixed,21,200,10,1,3.807,0.74
43,2026-09-27T00:36:51.160,10,naive,22,200,10,11,8.02,4.55
44,2026-09-27T00:36:51.164,10,fixed,22,200,10,1,3.323,0.69
45,2026-09-27T00:36:51.171,10,naive,23,200,10,11,7.848,4.82
46,2026-09-27T00:36:51.176,10,fixed,23,200,10,1,4.268,1.01
47,2026-09-27T00:36:51.183,10,naive,24,200,10,11,7.357,4.31
48,2026-09-27T00:36:51.187,10,fixed,24,200,10,1,4.04,0.93
49,2026-09-27T00:36:51.195,10,naive,25,200,10,11,7.399,4.44
50,2026-09-27T00:36:51.199,10,fixed,25,200,10,1,3.943,0.93
51,2026-09-27T00:36:51.243,10,naive,26,200,10,11,44.181,6.17
52,2026-09-27T00:36:51.255,10,fixed,26,200,10,1,11.819,1.06
53,2026-09-27T00:36:51.262,10,naive,27,200,10,11,7.443,4.03
54,2026-09-27T00:36:51.266,10,fixed,27,200,10,1,3.928,0.91
55,2026-09-27T00:36:51.275,10,naive,28,200,10,11,8.118,4.77
56,2026-09-27T00:36:51.278,10,fixed,28,200,10,1,3.497,0.71
57,2026-09-27T00:36:51.286,10,naive,29,200,10,11,7.991,4.99
58,2026-09-27T00:36:51.290,10,fixed,29,200,10,1,3.976,0.92
59,2026-09-27T00:36:51.297,10,naive,30,200,10,11,7.044,3.72
60,2026-09-27T00:36:51.301,10,fixed,30,200,10,1,3.287,0.7
61,2026-09-27T00:36:51.414,50,naive,1,200,50,51,23.349,19.34
62,2026-09-27T00:36:51.420,50,fixed,1,200,50,1,5.563,1.84
63,2026-09-27T00:36:51.444,50,naive,2,200,50,51,24.295,20.39
64,2026-09-27T00:36:51.449,50,fixed,2,200,50,1,5.381,1.57
65,2026-09-27T00:36:51.475,50,naive,3,200,50,51,25.477,21.94
66,2026-09-27T00:36:51.480,50,fixed,3,200,50,1,5.288,1.6
67,2026-09-27T00:36:51.505,50,naive,4,200,50,51,24.135,20.44
68,2026-09-27T00:36:51.511,50,fixed,4,200,50,1,5.8,1.89
69,2026-09-27T00:36:51.535,50,naive,5,200,50,51,24.251,20.05
70,2026-09-27T00:36:51.541,50,fixed,5,200,50,1,6.062,1.97
71,2026-09-27T00:36:51.565,50,naive,6,200,50,51,23.336,19.64
72,2026-09-27T00:36:51.571,50,fixed,6,200,50,1,6.017,1.91
73,2026-09-27T00:36:51.593,50,naive,7,200,50,51,22.427,18.53
74,2026-09-27T00:36:51.599,50,fixed,7,200,50,1,5.383,1.62
75,2026-09-27T00:36:51.622,50,naive,8,200,50,51,22.781,18.92
76,2026-09-27T00:36:51.628,50,fixed,8,200,50,1,5.802,1.87
77,2026-09-27T00:36:51.718,50,naive,9,200,50,51,90.217,85.8
78,2026-09-27T00:36:51.725,50,fixed,9,200,50,1,6.686,1.99
79,2026-09-27T00:36:51.748,50,naive,10,200,50,51,23.244,19.35
80,2026-09-27T00:36:51.754,50,fixed,10,200,50,1,5.946,1.94
81,2026-09-27T00:36:51.778,50,naive,11,200,50,51,23.356,19.39
82,2026-09-27T00:36:51.783,50,fixed,11,200,50,1,5.599,1.55
83,2026-09-27T00:36:51.806,50,naive,12,200,50,51,22.869,18.99
84,2026-09-27T00:36:51.813,50,fixed,12,200,50,1,6.947,1.83
85,2026-09-27T00:36:51.839,50,naive,13,200,50,51,25.24,20.58
86,2026-09-27T00:36:51.845,50,fixed,13,200,50,1,5.869,1.86
87,2026-09-27T00:36:51.868,50,naive,14,200,50,51,22.906,19.03
88,2026-09-27T00:36:51.874,50,fixed,14,200,50,1,6.51,1.98
89,2026-09-27T00:36:51.899,50,naive,15,200,50,51,24.076,20.16
90,2026-09-27T00:36:51.905,50,fixed,15,200,50,1,6.328,1.96
91,2026-09-27T00:36:51.929,50,naive,16,200,50,51,23.873,19.84
92,2026-09-27T00:36:51.935,50,fixed,16,200,50,1,5.425,1.58
93,2026-09-27T00:36:51.959,50,naive,17,200,50,51,24.44,19.78
94,2026-09-27T00:36:51.965,50,fixed,17,200,50,1,5.422,1.57
95,2026-09-27T00:36:51.987,50,naive,18,200,50,51,22.38,18.67
96,2026-09-27T00:36:51.993,50,fixed,18,200,50,1,6.034,1.87
97,2026-09-27T00:36:52.017,50,naive,19,200,50,51,23.882,19.8
98,2026-09-27T00:36:52.023,50,fixed,19,200,50,1,5.279,1.55
99,2026-09-27T00:36:52.046,50,naive,20,200,50,51,23.558,19.55
100,2026-09-27T00:36:52.052,50,fixed,20,200,50,1,5.767,1.65
101,2026-09-27T00:36:52.077,50,naive,21,200,50,51,24.393,19.84
102,2026-09-27T00:36:52.082,50,fixed,21,200,50,1,5.267,1.55
103,2026-09-27T00:36:52.107,50,naive,22,200,50,51,24.365,20.61
104,2026-09-27T00:36:52.113,50,fixed,22,200,50,1,6.438,1.57
105,2026-09-27T00:36:52.142,50,naive,23,200,50,51,28.421,23.22
106,2026-09-27T00:36:52.148,50,fixed,23,200,50,1,5.929,1.67
107,2026-09-27T00:36:52.172,50,naive,24,200,50,51,23.874,19.17
108,2026-09-27T00:36:52.178,50,fixed,24,200,50,1,5.998,1.96
109,2026-09-27T00:36:52.202,50,naive,25,200,50,51,23.77,19.73
110,2026-09-27T00:36:52.208,50,fixed,25,200,50,1,6.259,2.01
111,2026-09-27T00:36:52.233,50,naive,26,200,50,51,24.378,20.45
112,2026-09-27T00:36:52.238,50,fixed,26,200,50,1,5.359,1.61
113,2026-09-27T00:36:52.267,50,naive,27,200,50,51,29.086,24.78
114,2026-09-27T00:36:52.273,50,fixed,27,200,50,1,5.701,1.62
115,2026-09-27T00:36:52.298,50,naive,28,200,50,51,24.9,20.53
116,2026-09-27T00:36:52.305,50,fixed,28,200,50,1,6.358,1.95
117,2026-09-27T00:36:52.329,50,naive,29,200,50,51,24.168,19.51
118,2026-09-27T00:36:52.335,50,fixed,29,200,50,1,5.823,1.65
119,2026-09-27T00:36:52.367,50,naive,30,200,50,51,31.426,27.2
120,2026-09-27T00:36:52.373,50,fixed,30,200,50,1,5.98,1.65
121,2026-09-27T00:36:52.765,200,naive,1,200,200,201,98.965,87.84
122,2026-09-27T00:36:52.779,200,fixed,1,200,200,1,12.996,4.74
123,2026-09-27T00:36:52.863,200,naive,2,200,200,201,83.983,76.56
124,2026-09-27T00:36:52.877,200,fixed,2,200,200,1,14.007,5.28
125,2026-09-27T00:36:52.962,200,naive,3,200,200,201,84.114,76.58
126,2026-09-27T00:36:52.975,200,fixed,3,200,200,1,12.313,4.57
127,2026-09-27T00:36:53.061,200,naive,4,200,200,201,86.416,77.35
128,2026-09-27T00:36:53.082,200,fixed,4,200,200,1,19.654,5.46
129,2026-09-27T00:36:53.171,200,naive,5,200,200,201,88.746,80.66
130,2026-09-27T00:36:53.184,200,fixed,5,200,200,1,13.291,4.52
131,2026-09-27T00:36:53.276,200,naive,6,200,200,201,91.642,83.39
132,2026-09-27T00:36:53.289,200,fixed,6,200,200,1,12.424,4.44
133,2026-09-27T00:36:53.407,200,naive,7,200,200,201,117.406,103.81
134,2026-09-27T00:36:53.421,200,fixed,7,200,200,1,13.557,4.87
135,2026-09-27T00:36:53.579,200,naive,8,200,200,201,157.246,148.25
136,2026-09-27T00:36:53.592,200,fixed,8,200,200,1,12.849,4.55
137,2026-09-27T00:36:53.681,200,naive,9,200,200,201,89.172,81.19
138,2026-09-27T00:36:53.694,200,fixed,9,200,200,1,12.25,4.39
139,2026-09-27T00:36:53.782,200,naive,10,200,200,201,87.332,79.72
140,2026-09-27T00:36:53.795,200,fixed,10,200,200,1,12.881,4.66
141,2026-09-27T00:36:54.040,200,naive,11,200,200,201,244.269,227.96
142,2026-09-27T00:36:54.057,200,fixed,11,200,200,1,16.894,6.53
143,2026-09-27T00:36:54.169,200,naive,12,200,200,201,111.433,100.85
144,2026-09-27T00:36:54.205,200,fixed,12,200,200,1,35.672,13.69
145,2026-09-27T00:36:54.302,200,naive,13,200,200,201,96.709,87.59
146,2026-09-27T00:36:54.316,200,fixed,13,200,200,1,13.137,4.81
147,2026-09-27T00:36:54.408,200,naive,14,200,200,201,92.128,83.17
148,2026-09-27T00:36:54.423,200,fixed,14,200,200,1,13.935,4.71
149,2026-09-27T00:36:54.512,200,naive,15,200,200,201,89.419,81.74
150,2026-09-27T00:36:54.525,200,fixed,15,200,200,1,12.677,5.17
151,2026-09-27T00:36:54.619,200,naive,16,200,200,201,92.72,84.64
152,2026-09-27T00:36:54.631,200,fixed,16,200,200,1,12.421,4.81
153,2026-09-27T00:36:54.809,200,naive,17,200,200,201,177.46,168.16
154,2026-09-27T00:36:54.824,200,fixed,17,200,200,1,14.033,5.07
155,2026-09-27T00:36:54.915,200,naive,18,200,200,201,90.703,82.69
156,2026-09-27T00:36:54.929,200,fixed,18,200,200,1,13.419,4.93
157,2026-09-27T00:36:55.017,200,naive,19,200,200,201,88.307,80.77
158,2026-09-27T00:36:55.060,200,fixed,19,200,200,1,42.092,34.04
159,2026-09-27T00:36:55.147,200,naive,20,200,200,201,86.641,77.74
160,2026-09-27T00:36:55.159,200,fixed,20,200,200,1,11.52,4.2
161,2026-09-27T00:36:55.243,200,naive,21,200,200,201,84.075,76.9
162,2026-09-27T00:36:55.255,200,fixed,21,200,200,1,11.488,4.27
163,2026-09-27T00:36:55.339,200,naive,22,200,200,201,83.719,76.29
164,2026-09-27T00:36:55.351,200,fixed,22,200,200,1,11.744,4.35
165,2026-09-27T00:36:55.435,200,naive,23,200,200,201,83.803,76.28
166,2026-09-27T00:36:55.448,200,fixed,23,200,200,1,12.121,4.8
167,2026-09-27T00:36:55.534,200,naive,24,200,200,201,86.156,77.43
168,2026-09-27T00:36:55.547,200,fixed,24,200,200,1,12.379,4.8
169,2026-09-27T00:36:55.632,200,naive,25,200,200,201,84.857,77.64
170,2026-09-27T00:36:55.644,200,fixed,25,200,200,1,11.712,4.39
171,2026-09-27T00:36:55.732,200,naive,26,200,200,201,87.05,79.69
172,2026-09-27T00:36:55.745,200,fixed,26,200,200,1,12.349,4.77
173,2026-09-27T00:36:55.828,200,naive,27,200,200,201,83.164,76.05
174,2026-09-27T00:36:55.840,200,fixed,27,200,200,1,11.843,4.53
175,2026-09-27T00:36:55.923,200,naive,28,200,200,201,81.893,74.47
176,2026-09-27T00:36:55.935,200,fixed,28,200,200,1,11.444,4.21
177,2026-09-27T00:36:56.020,200,naive,29,200,200,201,85.567,78.18
178,2026-09-27T00:36:56.033,200,fixed,29,200,200,1,12.525,5.0
179,2026-09-27T00:36:56.118,200,naive,30,200,200,201,84.582,77.15
180,2026-09-27T00:36:56.131,200,fixed,30,200,200,1,12.204,4.76
